<?xml version="1.0" encoding="UTF-8"?>
<project-private xmlns="http://www.netbeans.org/ns/project-private/1">
    <editor-bookmarks xmlns="http://www.netbeans.org/ns/editor-bookmarks/2" lastBookmarkId="0"/>
    <open-files xmlns="http://www.netbeans.org/ns/projectui-open-files/2">
        <group>
            <file>file:/home/sahil/MPLABXProjects/CAR_BLACK_BOX.X/clcd.c</file>
            <file>file:/home/sahil/MPLABXProjects/CAR_BLACK_BOX.X/AT24CS04.c</file>
            <file>file:/home/sahil/MPLABXProjects/CAR_BLACK_BOX.X/uart.c</file>
            <file>file:/home/sahil/MPLABXProjects/CAR_BLACK_BOX.X/helper.c</file>
            <file>file:/home/sahil/MPLABXProjects/CAR_BLACK_BOX.X/clcd.h</file>
            <file>file:/home/sahil/MPLABXProjects/CAR_BLACK_BOX.X/ds1307.h</file>
            <file>file:/home/sahil/MPLABXProjects/CAR_BLACK_BOX.X/helper.h</file>
            <file>file:/home/sahil/MPLABXProjects/CAR_BLACK_BOX.X/main.c</file>
            <file>file:/home/sahil/MPLABXProjects/CAR_BLACK_BOX.X/main.h</file>
            <file>file:/home/sahil/MPLABXProjects/CAR_BLACK_BOX.X/uart.h</file>
        </group>
    </open-files>
</project-private>
